slug,url
adaaran-fushi-hudhuran-select-maldives-all-maldives,https://www.africastay.co.uk/accommodation/in-Maldives-All/Maldives/adaaran-fushi-hudhuran-select-maldives-all-maldives/
adaaran-hudhuranfushi-select-maldives-all-maldives,https://www.africastay.co.uk/accommodation/in-Maldives/Maldives/adaaran-hudhuranfushi-select-maldives-all-maldives/
adaaran-meedhupparu-select-maldives-all-maldives,https://www.africastay.co.uk/accommodation/in-Maldives/Maldives/adaaran-meedhupparu-select-maldives-all-maldives/
adaaran-meedhupparu-select-meedhupparu-maldives,https://www.africastay.co.uk/accommodation/in-Meedhupparu/Maldives/adaaran-meedhupparu-select-meedhupparu-maldives/
all-beach-inclusive-neptune-resort-spa-village-mombasa-kenya,https://www.africastay.co.uk/accommodation/in-Mombasa/Kenya/all-beach-inclusive-neptune-resort-spa-village-mombasa-kenya/
all-club-inclusive-noonu-robinson-maldives-all-maldives,https://www.africastay.co.uk/accommodation/in-Maldives_(All)/Maldives/all-club-inclusive-noonu-robinson-maldives-all-maldives/
all-inclusive-jambo-riu-zanzibar-tanzania,https://www.africastay.co.uk/accommodation/in-Zanzibar/Tanzania/all-inclusive-jambo-riu-zanzibar-tanzania/
all-inclusive-riu-turquoise-le-morne-mauritius,https://www.africastay.co.uk/accommodation/in-Le-Morne/Mauritius/all-inclusive-riu-turquoise-le-morne-mauritius
allamanda-by-doubletree-hilton-resort-seychelles-spa-mahe-island-seychelles-seychelles,https://www.africastay.co.uk/accommodation/in-Mahe-Island-Seychelles/Seychelles/allamanda-by-doubletree-hilton-resort-seychelles-spa-mahe-island-seychelles-seychelles/
anantara-maia-seychelles-villas-mahe-island-seychelles-seychelles,https://www.africastay.co.uk/accommodation/in-Mahe-Island-Seychelles/Seychelles/anantara-maia-seychelles-villas-mahe-island-seychelles-seychelles/
athuruga-beach-diamonds-villas-water-maldives-all-maldives,https://www.africastay.co.uk/accommodation/in-Maldives/Maldives/athuruga-beach-diamonds-villas-water-maldives-all-maldives/
athuruga-diamonds-maldives-resort-spa-athuruga-maldives,https://www.africastay.co.uk/accommodation/in-Athuruga/Maldives/athuruga-diamonds-maldives-resort-spa-athuruga-maldives/
atoll-riu-maldives-all-maldives,https://www.africastay.co.uk/accommodation/in-Maldives/Maldives/atoll-riu-maldives-all-maldives/
attitude-matemwe-zanzibar-tanzania,https://www.africastay.co.uk/accommodation/in-Zanzibar/Tanzania/attitude-matemwe-zanzibar-tanzania/
attitude-ravenala-the-balaclava-mauritius,https://www.africastay.co.uk/accommodation/in-Balaclava/Mauritius/attitude-ravenala-the-balaclava-mauritius
azao-resort-spa-pongwe-zanzibar-tanzania,https://www.africastay.co.uk/accommodation/in-Pongwe-Zanzibar/Tanzania/azao-resort-spa-pongwe-zanzibar-tanzania/
balaclava-fort-intercontinental-mauritius-resort-balaclava-mauritius,https://www.africastay.co.uk/accommodation/in-Balaclava/Mauritius/balaclava-fort-intercontinental-mauritius-resort-balaclava-mauritius
bamburi-beach-mombasa-kenya,https://www.africastay.co.uk/accommodation/in-Mombasa/Kenya/bamburi-beach-mombasa-kenya/
baobab-beach-resort-spa-diani-beach-kenya,https://www.africastay.co.uk/accommodation/in-Diani-Beach/Kenya/baobab-beach-resort-spa-diani-beach-kenya/
bathala-maldives-sandies-bathala-island-maldives,https://www.africastay.co.uk/accommodation/in-Bathala-Island/Maldives/bathala-maldives-sandies-bathala-island-maldives/
bathala-maldives-sandies-maldives-all-maldives,https://www.africastay.co.uk/accommodation/in-Maldives/Maldives/bathala-maldives-sandies-maldives-all-maldives/
beach-diamonds-mapenzi-pwani-mchangani-zanzibar-tanzania,https://www.africastay.co.uk/accommodation/in-Pwani-Mchangani-Zanzibar/Tanzania/beach-diamonds-mapenzi-pwani-mchangani-zanzibar-tanzania/
beach-diamonds-thudufushi-villas-water-maldives-all-maldives,https://www.africastay.co.uk/accommodation/in-Maldives/Maldives/beach-diamonds-thudufushi-villas-water-maldives-all-maldives/
beach-diani-reef-resort-spa-diani-beach-kenya,https://www.africastay.co.uk/accommodation/in-Diani-Beach/Kenya/beach-diani-reef-resort-spa-diani-beach-kenya/
beach-leopard-resort-spa-diani-beach-kenya,https://www.africastay.co.uk/accommodation/in-Diani-Beach/Kenya/beach-leopard-resort-spa-diani-beach-kenya/
beach-neptune-paradise-resort-spa-mombasa-kenya,https://www.africastay.co.uk/accommodation/in-Mombasa/Kenya/beach-neptune-paradise-resort-spa-mombasa-kenya/
beach-palms-resort-southern-diani-beach-kenya,https://www.africastay.co.uk/accommodation/in-Diani-Beach/Kenya/beach-palms-resort-southern-diani-beach-kenya/
beach-resort-sarova-whitesands-mombasa-kenya,https://www.africastay.co.uk/accommodation/in-Mombasa/Kenya/beach-resort-sarova-whitesands-mombasa-kenya/
by-cinnamon-ellaidhoo-maldives-maldives-all-maldives,https://www.africastay.co.uk/accommodation/in-Maldives/Maldives/by-cinnamon-ellaidhoo-maldives-maldives-all-maldives/
cliff-resort-sea-spa-mangapwani-tanzania,https://www.africastay.co.uk/accommodation/in-Mangapwani/Tanzania/cliff-resort-sea-spa-mangapwani-tanzania/
cliff-resort-sea-spa-zanzibar-zanzibar-tanzania,https://www.africastay.co.uk/accommodation/in-Zanzibar-Zanzibar/Tanzania/cliff-resort-sea-spa-zanzibar-zanzibar-tanzania/
constance-ephelia-mahe-island-seychelles-seychelles,https://www.africastay.co.uk/accommodation/in-Mahe-Island-Seychelles/Seychelles/constance-ephelia-mahe-island-seychelles-seychelles/
constance-lemuria-resort-mahe-island-seychelles-seychelles,https://www.africastay.co.uk/accommodation/in-Mahe-Island-Seychelles/Seychelles/constance-lemuria-resort-mahe-island-seychelles-seychelles/
falls-lodge-safari-victoria-victoria-falls-zimbabwe,https://www.africastay.co.uk/accommodation/in-Victoria-Falls/Zimbabwe/falls-lodge-safari-victoria-victoria-falls-zimbabwe/
falls-rainbow-vic-victoria-falls-zimbabwe,https://www.africastay.co.uk/accommodation/in-Vic-Victoria-Falls/Zimbabwe/falls-rainbow-vic-victoria-falls-zimbabwe/
falls-the-victoria-victoria-falls-zimbabwe,https://www.africastay.co.uk/accommodation/in-Victoria-Falls/Zimbabwe/falls-the-victoria-victoria-falls-zimbabwe/
four-resort-seasons-seychelles-mahe-island-seychelles-seychelles,https://www.africastay.co.uk/accommodation/in-Mahe-Island-Seychelles/Seychelles/four-resort-seasons-seychelles-mahe-island-seychelles-seychelles/
hilton-northolme-resort-seychelles-spa-seychelles-all-seychelles,https://www.africastay.co.uk/accommodation/in-Seychelles-All/Seychelles/hilton-northolme-resort-seychelles-spa-seychelles-all-seychelles/
intercontinental-mauritius-resort-balaclava-balaclava-mauritius,https://www.africastay.co.uk/accommodation/in-Balaclava/Mauritius/intercontinental-mauritius-resort-balaclava-balaclava-mauritius/
island-meeru-resort-spa-maldives-all-maldives,https://www.africastay.co.uk/accommodation/in-Maldives/Maldives/island-meeru-resort-spa-maldives-all-maldives/
island-preskil-resort-mahebourg-mauritius,https://www.africastay.co.uk/accommodation/in-Mahebourg/Mauritius/island-preskil-resort-mahebourg-mauritius
kandima-maldives-maldives-all-maldives,https://www.africastay.co.uk/accommodation/in-Maldives/Maldives/kandima-maldives-maldives-all-maldives/
kuredu-maldives-resort-spa-kuredu-island-maldives,https://www.africastay.co.uk/accommodation/in-Kuredu-Island/Maldives/kuredu-maldives-resort-spa-kuredu-island-maldives/
kuredu-maldives-resort-spa-maldives-all-maldives,https://www.africastay.co.uk/accommodation/in-Maldives/Maldives/kuredu-maldives-resort-spa-maldives-all-maldives/
lodge-river-zambezi-victoria-falls-zimbabwe,https://www.africastay.co.uk/accommodation/in-Victoria-Falls/Zimbabwe/lodge-river-zambezi-victoria-falls-zimbabwe/
lodge-the-wallow-victoria-falls-zimbabwe,https://www.africastay.co.uk/accommodation/in-Victoria-Falls/Zimbabwe/lodge-the-wallow-victoria-falls-zimbabwe/
maldivas-palace-riu-maldives-all-maldives,https://www.africastay.co.uk/accommodation/in-Maldives/Maldives/maldivas-palace-riu-maldives-all-maldives/
maldives-regis-resort-st-the-vommuli-maldives-all-maldives,https://www.africastay.co.uk/accommodation/in-Maldives_(All)/Maldives/maldives-regis-resort-st-the-vommuli-maldives-all-maldives/
maldives-siyam-world-maldives-all-maldives,https://www.africastay.co.uk/accommodation/in-Maldives_(All)/Maldives/maldives-siyam-world-maldives-all-maldives/
maritim-mauritius-resort-spa-balaclava-mauritius,https://www.africastay.co.uk/accommodation/in-Balaclava/Mauritius/maritim-mauritius-resort-spa-balaclava-mauritius
maritim-resort-spa-balaclava-mauritius,https://www.africastay.co.uk/accommodation/in-Balaclava/Mauritius/maritim-resort-spa-balaclava-mauritius/
mora-the-zanzibar-matemwe-zanzibar-tanzania,https://www.africastay.co.uk/accommodation/in-Matemwe-Zanzibar/Tanzania/mora-the-zanzibar-matemwe-zanzibar-tanzania/
olhuveli-siyam-sun-maldives-all-maldives,https://www.africastay.co.uk/accommodation/in-Maldives/Maldives/olhuveli-siyam-sun-maldives-all-maldives/
palm-river-the-victoria-falls-zimbabwe,https://www.africastay.co.uk/accommodation/in-Victoria-Falls/Zimbabwe/palm-river-the-victoria-falls-zimbabwe/
paradise-sun-praslin-island-seychelles-seychelles,https://www.africastay.co.uk/accommodation/in-Praslin-Island-Seychelles/Seychelles/paradise-sun-praslin-island-seychelles-seychelles/
raffles-seychelles-praslin-island-seychelles-seychelles,https://www.africastay.co.uk/accommodation/in-Praslin-Island-Seychelles/Seychelles/raffles-seychelles-praslin-island-seychelles-seychelles/
resort-spa-tarisa-mauritius-island-mauritius,https://www.africastay.co.uk/accommodation/in-Mauritius-Island/Mauritius/resort-spa-tarisa-mauritius-island-mauritius
resort-spa-tarisa-mont-choisy-mauritius,https://www.africastay.co.uk/accommodation/in-Mont-Choisy/Mauritius/resort-spa-tarisa-mont-choisy-mauritius/
seychelles-story-mahe-island-seychelles-seychelles,https://www.africastay.co.uk/accommodation/in-Mahe-Island-Seychelles/Seychelles/seychelles-story-mahe-island-seychelles-seychelles/
