card_slug,card_label,appears_on,engine_id,engine_name,engine_area,engine_stars,sample_price,area_agrees,confidence,score,Confirmed (Y/N),Notes
falls-lodge-safari-victoria-victoria-falls-zimbabwe,★★★★ ★ Victoria Falls Safari Lodge Victoria Falls · Zimbabwe 3 nights ,https://www.africastay.co.uk/; https://www.africastay.co.uk/home/; https://www.africastay.co.uk/victoria-falls/,all-falls-inclusive-lodge-river-victoria-victoria-falls-zimbabwe,Victoria Falls River Lodge - All-Inclusive,Victoria Falls,4,21520.0,yes,LOW,0.21,N,matched VF River Lodge
falls-rainbow-vic-victoria-falls-zimbabwe,★★★ ★★ Victoria Falls Rainbow Hotel Zimbabwe · Victoria Falls 3 nights,https://www.africastay.co.uk/victoria-falls/,hotel-rainbow-victoria-falls-canada,Victoria Falls Rainbow,Victoria Falls,3,677.0,yes,LOW,0.28,Y,
falls-the-victoria-victoria-falls-zimbabwe,★★★★★ The Victoria Falls Hotel Zimbabwe · Victoria Falls 3 nights · Be,https://www.africastay.co.uk/victoria-falls/,hotel-rainbow-victoria-falls-canada,Victoria Falls Rainbow,Victoria Falls,3,677.0,yes,LOW,0.2,N,matched Lepatino Bed Breakfast
lodge-the-wallow-victoria-falls-zimbabwe,★★★★★ The Wallow Lodge Zimbabwe · Victoria Falls 3 nights · Half Board,https://www.africastay.co.uk/victoria-falls/,all-falls-inclusive-lodge-river-victoria-victoria-falls-zimbabwe,Victoria Falls River Lodge - All-Inclusive,Victoria Falls,4,21520.0,yes,LOW,0.31,N,matched VF River Lodge
palm-river-the-victoria-falls-zimbabwe,★★★★★ The Palm River Hotel Zimbabwe · Victoria Falls 3 nights · Bed & ,https://www.africastay.co.uk/victoria-falls/,all-falls-inclusive-lodge-river-victoria-victoria-falls-zimbabwe,Victoria Falls River Lodge - All-Inclusive,Victoria Falls,4,21520.0,yes,LOW,0.28,N,matched VF River Lodge
lodge-river-zambezi-victoria-falls-zimbabwe,★★★★ ★ A'Zambezi River Lodge Zimbabwe · Victoria Falls 3 nights · All ,https://www.africastay.co.uk/victoria-falls/,all-falls-inclusive-lodge-river-victoria-victoria-falls-zimbabwe,Victoria Falls River Lodge - All-Inclusive,Victoria Falls,4,21520.0,yes,MEDIUM,0.51,N,matched VF River Lodge
kenya,"Kenya From £1,449 pp",https://www.africastay.co.uk/; https://www.africastay.co.uk/destinations-hub/; https://www.africastay.co.uk/home/; https://www.africastay.co.uk/victoria-falls/,,,,,,,DESTINATION TILE,,,"needs the cheapest price across kenya, not one hotel"
maldives,"Maldives From £1,899 pp",https://www.africastay.co.uk/; https://www.africastay.co.uk/destinations-hub/; https://www.africastay.co.uk/home/; https://www.africastay.co.uk/mauritius/; https://www.africastay.co.uk/seychelles/; https://www.africastay.co.uk/zanzibar/,,,,,,,DESTINATION TILE,,,"needs the cheapest price across maldives, not one hotel"
mauritius,"Mauritius From £1,299 pp",https://www.africastay.co.uk/; https://www.africastay.co.uk/botswana/; https://www.africastay.co.uk/destinations-hub/; https://www.africastay.co.uk/home/; https://www.africastay.co.uk/kenya/; https://www.africastay.co.uk/maldives/; https://www.africastay.co.uk/seychelles/; https://www.africastay.co.uk/south-africa/; https://www.africastay.co.uk/tanzania/; https://www.africastay.co.uk/victoria-falls/; https://www.africastay.co.uk/zanzibar/,,,,,,,DESTINATION TILE,,,"needs the cheapest price across mauritius, not one hotel"
seychelles,"Seychelles From £1,699 pp",https://www.africastay.co.uk/; https://www.africastay.co.uk/destinations-hub/; https://www.africastay.co.uk/home/; https://www.africastay.co.uk/maldives/; https://www.africastay.co.uk/mauritius/; https://www.africastay.co.uk/zanzibar/,,,,,,,DESTINATION TILE,,,"needs the cheapest price across seychelles, not one hotel"
victoria-falls,"Victoria Falls From £1,199 pp",https://www.africastay.co.uk/; https://www.africastay.co.uk/botswana/; https://www.africastay.co.uk/destinations-hub/; https://www.africastay.co.uk/home/; https://www.africastay.co.uk/kenya/; https://www.africastay.co.uk/namibia/; https://www.africastay.co.uk/south-africa/,,,,,,,DESTINATION TILE,,,"needs the cheapest price across victoria falls, not one hotel"
zanzibar,"Zanzibar From £1,549 pp",https://www.africastay.co.uk/; https://www.africastay.co.uk/destinations-hub/; https://www.africastay.co.uk/home/; https://www.africastay.co.uk/kenya/; https://www.africastay.co.uk/malawi/; https://www.africastay.co.uk/maldives/; https://www.africastay.co.uk/mauritius/; https://www.africastay.co.uk/seychelles/; https://www.africastay.co.uk/tanzania/; https://www.africastay.co.uk/victoria-falls/,,,,,,,DESTINATION TILE,,,"needs the cheapest price across zanzibar, not one hotel"
adaaran-fushi-hudhuran-select-maldives-all-maldives,"★★★★ ★ Adaaran Select Hudhuranfushi North Male Atoll, Maldives 7 night",https://www.africastay.co.uk/honeymoon/; https://www.africastay.co.uk/maldives/,,,,,,,NOT SEARCHED,,Y,maldives has not been searched yet
adaaran-meedhupparu-select-meedhupparu-maldives,★★★★ ★ Adaaran Select Meedhupparu Maldives · Raa Atoll 7 nights · All ,https://www.africastay.co.uk/; https://www.africastay.co.uk/home/; https://www.africastay.co.uk/maldives/,,,,,,,NOT SEARCHED,,Y,maldives has not been searched yet
all-beach-inclusive-neptune-resort-spa-village-mombasa-kenya,★★★★ ★ Neptune Village Beach Resort Diani Beach 7 nights · All Inclusi,https://www.africastay.co.uk/kenya/,,,,,,,NOT SEARCHED,,Y,kenya has not been searched yet
all-inclusive-jambo-riu-zanzibar-tanzania,★★★★★ Hotel Riu Jambo Zanzibar · Nungwi 7 nights · All Inclusive Fligh,https://www.africastay.co.uk/; https://www.africastay.co.uk/home/; https://www.africastay.co.uk/zanzibar/,,,,,,,NOT SEARCHED,,Y,zanzibar has not been searched yet
all-inclusive-riu-turquoise-le-morne-mauritius,★★★★ ★ Riu Turquoise Le Morne · South West Coast 7 nights · All Inclus,https://www.africastay.co.uk/mauritius/,,,,,,,NOT SEARCHED,,N,matched SUGAR REEF WEST COAST
allamanda-by-doubletree-hilton-resort-seychelles-spa-mahe-island-seychelles-seychelles,"★★★★ ★ DoubleTree by Hilton Allamanda Resort and Spa Anse Forbans, Mah",https://www.africastay.co.uk/seychelles/,,,,,,,NOT SEARCHED,,Y,seychelles has not been searched yet
athuruga-diamonds-maldives-resort-spa-athuruga-maldives,★★★★★ Diamonds Athuruga Maldives · South Ari Atoll 7 nights · All Incl,https://www.africastay.co.uk/; https://www.africastay.co.uk/home/; https://www.africastay.co.uk/maldives/,,,,,,,NOT SEARCHED,,N,matched Lux South Ari Atoll
attitude-matemwe-zanzibar-tanzania,★★★★ ★ Matemwe Attitude Matemwe 7 nights · Half Board Flight & hotel f,https://www.africastay.co.uk/zanzibar/,,,,,,,NOT SEARCHED,,Y,zanzibar has not been searched yet
attitude-ravenala-the-balaclava-mauritius,★★★★ ★ Ravenala Attitude Turtle Bay · North West Coast 7 nights · Half,https://www.africastay.co.uk/mauritius/,,,,,,,NOT SEARCHED,,N,matched THE WESTIN TURTLE BAY
azao-resort-spa-pongwe-zanzibar-tanzania,★★★★ ★ Azao Resort & Spa Pwani Mchangani 7 nights · All Inclusive Flig,https://www.africastay.co.uk/zanzibar/,,,,,,,NOT SEARCHED,,Y,zanzibar has not been searched yet
balaclava-fort-intercontinental-mauritius-resort-balaclava-mauritius,★★★★★ InterContinental Resort Mauritius Balaclava · North West Coast 7,https://www.africastay.co.uk/mauritius/,,,,,,,NOT SEARCHED,,Y,mauritius has not been searched yet
bamburi-beach-mombasa-kenya,★★★★ ★ Bamburi Beach Hotel Bamburi Beach 7 nights · All Inclusive Flig,https://www.africastay.co.uk/kenya/,,,,,,,NOT SEARCHED,,N,matched Mombasa Continental Hotel
baobab-beach-resort-spa-diani-beach-kenya,"★★★★ ★ Baobab Beach Resort & Spa Diani Beach, Kenya Three resorts in o",https://www.africastay.co.uk/group/,,,,,,,NOT SEARCHED,,Y,kenya has not been searched yet
bathala-maldives-sandies-bathala-island-maldives,★★★★ ★ Sandies Bathala North Ari Atoll 7 nights · All Inclusive Flight,https://www.africastay.co.uk/maldives/,,,,,,,NOT SEARCHED,,Y,maldives has not been searched yet
beach-diamonds-mapenzi-pwani-mchangani-zanzibar-tanzania,"★★★★ ★ Diamonds Mapenzi Beach Mapenzi, Zanzibar 7 nights · All Inclusi",https://www.africastay.co.uk/beach/; https://www.africastay.co.uk/family/; https://www.africastay.co.uk/solo/; https://www.africastay.co.uk/zanzibar/,,,,,,,NOT SEARCHED,,Y,zanzibar has not been searched yet
beach-diani-reef-resort-spa-diani-beach-kenya,"★★★★ ★ Diani Reef Beach Resort Diani Beach, Kenya 7 nights · All Inclu",https://www.africastay.co.uk/beach/,,,,,,,NOT SEARCHED,,Y,kenya has not been searched yet
beach-leopard-resort-spa-diani-beach-kenya,★★★★ ★ Leopard Beach Resort Diani Beach 7 nights · Half Board Flight &,https://www.africastay.co.uk/kenya/,,,,,,,NOT SEARCHED,,Y,kenya has not been searched yet
beach-neptune-paradise-resort-spa-mombasa-kenya,★★★★ ★ Neptune Paradise Beach Resort Diani Beach 7 nights · All Inclus,https://www.africastay.co.uk/kenya/,,,,,,,NOT SEARCHED,,Y,kenya has not been searched yet
beach-palms-resort-southern-diani-beach-kenya,"★★★★ ★ Southern Palms Beach Resort Diani Beach, Kenya 7 nights · All I",https://www.africastay.co.uk/family/; https://www.africastay.co.uk/kenya/; https://www.africastay.co.uk/solo/,,,,,,,NOT SEARCHED,,N,matched Diani Reef Beach Resort
beach-resort-sarova-whitesands-mombasa-kenya,★★★★★ Sarova Whitesands Beach Resort Bamburi Beach 7 nights · All Incl,https://www.africastay.co.uk/kenya/,,,,,,,NOT SEARCHED,,Y,kenya has not been searched yet
cliff-resort-sea-spa-mangapwani-tanzania,"★★★★★ Sea Cliff Resort & Spa Mangapwani, Zanzibar Large resort · All I",https://www.africastay.co.uk/group/,,,,,,,NOT SEARCHED,,Y,zanzibar has not been searched yet
cliff-resort-sea-spa-zanzibar-zanzibar-tanzania,★★★★★ Sea Cliff Resort & Spa Mangapwani 7 nights · Half Board Flight &,https://www.africastay.co.uk/zanzibar/,,,,,,,NOT SEARCHED,,Y,zanzibar has not been searched yet
constance-ephelia-mahe-island-seychelles-seychelles,"★★★★★ Constance Ephelia Port Launay, Seychelles Group coordinator · Ha",https://www.africastay.co.uk/group/; https://www.africastay.co.uk/seychelles/,,,,,,,NOT SEARCHED,,Y,seychelles has not been searched yet
four-resort-seasons-seychelles-mahe-island-seychelles-seychelles,"★★★★★ Four Seasons Resort Seychelles Petite Anse, Seychelles 7 nights ",https://www.africastay.co.uk/beach/; https://www.africastay.co.uk/family/; https://www.africastay.co.uk/honeymoon/; https://www.africastay.co.uk/seychelles/,,,,,,,NOT SEARCHED,,N,matched Kempinski
hilton-northolme-resort-seychelles-spa-seychelles-all-seychelles,"★★★★★ Hilton Seychelles Northolme Glacis, Seychelles 7 nights · Bed & ",https://www.africastay.co.uk/honeymoon/; https://www.africastay.co.uk/seychelles/; https://www.africastay.co.uk/solo/,,,,,,,NOT SEARCHED,,N,matched DoubleTree Allamanda
intercontinental-mauritius-resort-balaclava-balaclava-mauritius,"★★★★★ InterContinental Resort Mauritius Balaclava, Mauritius 7 nights ",https://www.africastay.co.uk/beach/; https://www.africastay.co.uk/family/; https://www.africastay.co.uk/group/; https://www.africastay.co.uk/honeymoon/,,,,,,,NOT SEARCHED,,Y,mauritius has not been searched yet
island-preskil-resort-mahebourg-mauritius,★★★★ ★ Preskil Island Resort Mahebourg · South East Coast 7 nights · H,https://www.africastay.co.uk/mauritius/,,,,,,,NOT SEARCHED,,Y,mauritius has not been searched yet
kuredu-maldives-resort-spa-kuredu-island-maldives,"★★★★ ★ Kuredu Island Resort & Spa Lhaviyani Atoll, Maldives 7 nights ·",https://www.africastay.co.uk/beach/; https://www.africastay.co.uk/family/; https://www.africastay.co.uk/group/; https://www.africastay.co.uk/honeymoon/; https://www.africastay.co.uk/maldives/; https://www.africastay.co.uk/solo/,,,,,,,NOT SEARCHED,,Y,maldives has not been searched yet
maritim-mauritius-resort-spa-balaclava-mauritius,★★★★★ Maritim Resort Balaclava · North West Coast 7 nights · All Inclu,https://www.africastay.co.uk/mauritius/,,,,,,,NOT SEARCHED,,Y,mauritius has not been searched yet
maritim-resort-spa-balaclava-mauritius,"★★★★★ Maritim Resort & Spa Balaclava, Mauritius 7 nights · All Inclusi",https://www.africastay.co.uk/beach/; https://www.africastay.co.uk/family/; https://www.africastay.co.uk/group/; https://www.africastay.co.uk/honeymoon/; https://www.africastay.co.uk/solo/,,,,,,,NOT SEARCHED,,Y,mauritius has not been searched yet
mora-the-zanzibar-matemwe-zanzibar-tanzania,★★★★★ The Mora Zanzibar Zanzibar · Kiwengwa 7 nights · Half Board Flig,https://www.africastay.co.uk/; https://www.africastay.co.uk/home/; https://www.africastay.co.uk/zanzibar/,,,,,,,NOT SEARCHED,,Y,zanzibar has not been searched yet
paradise-sun-praslin-island-seychelles-seychelles,★★★★ ★ Paradise Sun Hotel Praslin 7 nights · Half Board Flight & hotel,https://www.africastay.co.uk/seychelles/,,,,,,,NOT SEARCHED,,N,matched Kempinski
resort-spa-tarisa-mauritius-island-mauritius,★★★ ★★ Tarisa Resort & Spa Mont Choisy · North Coast 7 nights · Half B,https://www.africastay.co.uk/mauritius/,,,,,,,NOT SEARCHED,,Y,mauritius has not been searched yet
resort-spa-tarisa-mont-choisy-mauritius,"★★★ ★★ Tarisa Resort & Spa Mont Choisy, Mauritius Boutique · Half Boar",https://www.africastay.co.uk/solo/,,,,,,,NOT SEARCHED,,Y,mauritius has not been searched yet
seychelles-story-mahe-island-seychelles-seychelles,"★★★★★ STORY Seychelles Beau Vallon, Mahé 7 nights · Half Board Flight ",https://www.africastay.co.uk/seychelles/,,,,,,,NOT SEARCHED,,N,matched Berjaya Beau Vallon
